MT430884,unclassified Betacoronavirus,unclassified Betacoronavirus
GU190215,Sarbecovirus,unclassified Sarbecovirus
NC_014470,Sarbecovirus,unclassified Sarbecovirus
JX993988,Sarbecovirus,Severe acute respiratory syndrome-related coronavirus
HM211100,Nobecovirus,Rousettus bat coronavirus HKU9
HM211101,Nobecovirus,Rousettus bat coronavirus HKU9
HM211098,Nobecovirus,Rousettus bat coronavirus HKU9
HM211099,Nobecovirus,Rousettus bat coronavirus HKU9
MN996532,Sarbecovirus,Severe acute respiratory syndrome-related coronavirus
JX993987,Sarbecovirus,Severe acute respiratory syndrome-related coronavirus
KF636752,Hibecovirus,Bat Hp-betacoronavirus/Zhejiang2013
NC_025217,Hibecovirus,Bat Hp-betacoronavirus/Zhejiang2013
MG772933,Sarbecovirus,Severe acute respiratory syndrome-related coronavirus
KY417152,Sarbecovirus,Severe acute respiratory syndrome-related coronavirus
MG772934,Sarbecovirus,Severe acute respiratory syndrome-related coronavirus
KY417151,Sarbecovirus,Severe acute respiratory syndrome-related coronavirus
KY417142,Sarbecovirus,Severe acute respiratory syndrome-related coronavirus
KY417150,Sarbecovirus,Severe acute respiratory syndrome-related coronavirus
KY417146,Sarbecovirus,Severe acute respiratory syndrome-related coronavirus
KY417147,Sarbecovirus,Severe acute respiratory syndrome-related coronavirus
KY417148,Sarbecovirus,Severe acute respiratory syndrome-related coronavirus
KY417149,Sarbecovirus,Severe acute respiratory syndrome-related coronavirus
KY417143,Sarbecovirus,Severe acute respiratory syndrome-related coronavirus
KY417144,Sarbecovirus,Severe acute respiratory syndrome-related coronavirus
KY417145,Sarbecovirus,Severe acute respiratory syndrome-related coronavirus
KC881006,Sarbecovirus,Severe acute respiratory syndrome-related coronavirus
KC881005,Sarbecovirus,Severe acute respiratory syndrome-related coronavirus
KF367457,Sarbecovirus,Severe acute respiratory syndrome-related coronavirus
KP886808,Sarbecovirus,Severe acute respiratory syndrome-related coronavirus
KP886809,Sarbecovirus,Severe acute respiratory syndrome-related coronavirus
KU558922,Embecovirus,Betacoronavirus 1
KU558923,Embecovirus,Betacoronavirus 1
KC164505,Merbecovirus,Middle East respiratory syndrome-related coronavirus
NC_038294,Merbecovirus,Middle East respiratory syndrome-related coronavirus
KC545383,Merbecovirus,Hedgehog coronavirus 1
KC545386,Merbecovirus,Hedgehog coronavirus 1
NC_039207,Merbecovirus,Hedgehog coronavirus 1
KM349742,Embecovirus,China Rattus coronavirus HKU24
KM349743,Embecovirus,China Rattus coronavirus HKU24
KM349744,Embecovirus,China Rattus coronavirus HKU24
NC_026011,Embecovirus,China Rattus coronavirus HKU24
MH687976,unclassified Betacoronavirus,unclassified Betacoronavirus
MH687977,unclassified Betacoronavirus,unclassified Betacoronavirus
MH687978,unclassified Betacoronavirus,unclassified Betacoronavirus
MH687968,unclassified Betacoronavirus,unclassified Betacoronavirus
MH687969,unclassified Betacoronavirus,unclassified Betacoronavirus
MH687970,unclassified Betacoronavirus,unclassified Betacoronavirus
MH687971,unclassified Betacoronavirus,unclassified Betacoronavirus
MH687972,unclassified Betacoronavirus,unclassified Betacoronavirus
MH687973,unclassified Betacoronavirus,unclassified Betacoronavirus
MH687974,unclassified Betacoronavirus,unclassified Betacoronavirus
KU886219,Embecovirus,Betacoronavirus 1
KX982264,Embecovirus,Betacoronavirus 1
MG757138,Embecovirus,Betacoronavirus 1
MG757139,Embecovirus,Betacoronavirus 1
MG757140,Embecovirus,Betacoronavirus 1
MG757141,Embecovirus,Betacoronavirus 1
MG757142,Embecovirus,Betacoronavirus 1
MH043952,Embecovirus,Betacoronavirus 1
MH043953,Embecovirus,Betacoronavirus 1
MH043954,Embecovirus,Betacoronavirus 1
MH043955,Embecovirus,Betacoronavirus 1
MN982198,Embecovirus,Betacoronavirus 1
MN982199,Embecovirus,Betacoronavirus 1
FJ938064,Embecovirus,Betacoronavirus 1
FJ938063,Embecovirus,Betacoronavirus 1
FJ938065,Embecovirus,Betacoronavirus 1
FJ938066,Embecovirus,Betacoronavirus 1
KJ473820,Merbecovirus,Pipistrellus bat coronavirus HKU5
KJ473812,Sarbecovirus,Severe acute respiratory syndrome-related coronavirus
KJ473811,Sarbecovirus,Severe acute respiratory syndrome-related coronavirus
KJ473813,Sarbecovirus,Severe acute respiratory syndrome-related coronavirus
KJ473815,Sarbecovirus,Severe acute respiratory syndrome-related coronavirus
KJ473814,Sarbecovirus,Severe acute respiratory syndrome-related coronavirus
KJ473816,Sarbecovirus,Severe acute respiratory syndrome-related coronavirus
KJ473822,Merbecovirus,Tylonycteris bat coronavirus HKU4
KT368891,Embecovirus,Betacoronavirus 1
JX860640,Embecovirus,Betacoronavirus 1
KX432213,Embecovirus,Betacoronavirus 1
MK211374,Sarbecovirus,unclassified Sarbecovirus
MK211375,unclassified Betacoronavirus,unclassified Betacoronavirus
MK211376,Sarbecovirus,unclassified Sarbecovirus
MK211377,Sarbecovirus,unclassified Sarbecovirus
MK211378,Sarbecovirus,unclassified Sarbecovirus
MK211379,Nobecovirus,unclassified Nobecovirus
KC869678,Merbecovirus,Middle East respiratory syndrome-related coronavirus
KF906249,Embecovirus,Betacoronavirus 1
KF906250,Embecovirus,Betacoronavirus 1
KF906251,Embecovirus,Betacoronavirus 1
MN514962,Embecovirus,Betacoronavirus 1
MN514963,Embecovirus,Betacoronavirus 1
MN514964,Embecovirus,Betacoronavirus 1
MN514965,Embecovirus,Betacoronavirus 1
MN514966,Embecovirus,Betacoronavirus 1
MN514967,Embecovirus,Betacoronavirus 1
LC061272,Embecovirus,Betacoronavirus 1
LC061273,Embecovirus,Betacoronavirus 1
LC061274,Embecovirus,Betacoronavirus 1
MK907286,Merbecovirus,unclassified Merbecovirus
MK907287,Merbecovirus,unclassified Merbecovirus
MK679660,Merbecovirus,Hedgehog coronavirus 1
KC667074,Merbecovirus,Middle East respiratory syndrome-related coronavirus
KC776174,Merbecovirus,Middle East respiratory syndrome-related coronavirus
HM034837,Embecovirus,Human coronavirus HKU1
KF430201,Embecovirus,Human coronavirus HKU1
KF686340,Embecovirus,Human coronavirus HKU1
KF686341,Embecovirus,Human coronavirus HKU1
KF686342,Embecovirus,Human coronavirus HKU1
KF686343,Embecovirus,Human coronavirus HKU1
KF686344,Embecovirus,Human coronavirus HKU1
KF686346,Embecovirus,Human coronavirus HKU1
KY674921,Embecovirus,Human coronavirus HKU1
KY674941,Embecovirus,Human coronavirus HKU1
MH940245,Embecovirus,Human coronavirus HKU1
MK167038,Embecovirus,Human coronavirus HKU1
JN129834,Embecovirus,Betacoronavirus 1
JN129835,Embecovirus,Betacoronavirus 1
KF530060,Embecovirus,Betacoronavirus 1
KF530061,Embecovirus,Betacoronavirus 1
KF530063,Embecovirus,Betacoronavirus 1
KF530064,Embecovirus,Betacoronavirus 1
KF530065,Embecovirus,Betacoronavirus 1
KF530066,Embecovirus,Betacoronavirus 1
KF530067,Embecovirus,Betacoronavirus 1
KF530068,Embecovirus,Betacoronavirus 1
KF530069,Embecovirus,Betacoronavirus 1
KF530070,Embecovirus,Betacoronavirus 1
KF530071,Embecovirus,Betacoronavirus 1
KF530072,Embecovirus,Betacoronavirus 1
KF530073,Embecovirus,Betacoronavirus 1
KF530074,Embecovirus,Betacoronavirus 1
KF530075,Embecovirus,Betacoronavirus 1
KF530076,Embecovirus,Betacoronavirus 1
KF530077,Embecovirus,Betacoronavirus 1
KF530078,Embecovirus,Betacoronavirus 1
KF530079,Embecovirus,Betacoronavirus 1
KF530080,Embecovirus,Betacoronavirus 1
KF530081,Embecovirus,Betacoronavirus 1
KF530082,Embecovirus,Betacoronavirus 1
KF530083,Embecovirus,Betacoronavirus 1
KF530084,Embecovirus,Betacoronavirus 1
KF530085,Embecovirus,Betacoronavirus 1
KF530086,Embecovirus,Betacoronavirus 1
KF530087,Embecovirus,Betacoronavirus 1
KF530088,Embecovirus,Betacoronavirus 1
KF530089,Embecovirus,Betacoronavirus 1
KF530090,Embecovirus,Betacoronavirus 1
KF530091,Embecovirus,Betacoronavirus 1
KF530092,Embecovirus,Betacoronavirus 1
KF530094,Embecovirus,Betacoronavirus 1
KF530095,Embecovirus,Betacoronavirus 1
KF530096,Embecovirus,Betacoronavirus 1
KF530097,Embecovirus,Betacoronavirus 1
KF530098,Embecovirus,Betacoronavirus 1
KF530099,Embecovirus,Betacoronavirus 1
KF923886,Embecovirus,Betacoronavirus 1
KF923887,Embecovirus,Betacoronavirus 1
KF923888,Embecovirus,Betacoronavirus 1
KF923889,Embecovirus,Betacoronavirus 1
KF923890,Embecovirus,Betacoronavirus 1
KF923891,Embecovirus,Betacoronavirus 1
KF923892,Embecovirus,Betacoronavirus 1
KF923893,Embecovirus,Betacoronavirus 1
KF923894,Embecovirus,Betacoronavirus 1
KF923895,Embecovirus,Betacoronavirus 1
KF923896,Embecovirus,Betacoronavirus 1
KF923897,Embecovirus,Betacoronavirus 1
KF923898,Embecovirus,Betacoronavirus 1
KF923899,Embecovirus,Betacoronavirus 1
KF923900,Embecovirus,Betacoronavirus 1
KF923901,Embecovirus,Betacoronavirus 1
KF923902,Embecovirus,Betacoronavirus 1
KF923903,Embecovirus,Betacoronavirus 1
KF923904,Embecovirus,Betacoronavirus 1
KF923905,Embecovirus,Betacoronavirus 1
KF923906,Embecovirus,Betacoronavirus 1
KF923907,Embecovirus,Betacoronavirus 1
KF923908,Embecovirus,Betacoronavirus 1
KF923909,Embecovirus,Betacoronavirus 1
KF923910,Embecovirus,Betacoronavirus 1
KF923911,Embecovirus,Betacoronavirus 1
KF923912,Embecovirus,Betacoronavirus 1
KF923913,Embecovirus,Betacoronavirus 1
KF923914,Embecovirus,Betacoronavirus 1
KF923915,Embecovirus,Betacoronavirus 1
KF923916,Embecovirus,Betacoronavirus 1
KF923917,Embecovirus,Betacoronavirus 1
KF923918,Embecovirus,Betacoronavirus 1
KF923919,Embecovirus,Betacoronavirus 1
KF923920,Embecovirus,Betacoronavirus 1
KF923921,Embecovirus,Betacoronavirus 1
KF923922,Embecovirus,Betacoronavirus 1
KF923923,Embecovirus,Betacoronavirus 1
KF923924,Embecovirus,Betacoronavirus 1
KF923925,Embecovirus,Betacoronavirus 1
KJ958218,Embecovirus,Betacoronavirus 1
KJ958219,Embecovirus,Betacoronavirus 1
KP198610,Embecovirus,Betacoronavirus 1
KP198611,Embecovirus,Betacoronavirus 1
KU131570,Embecovirus,Betacoronavirus 1
KX344031,Embecovirus,Betacoronavirus 1
KX538964,Embecovirus,Betacoronavirus 1
KX538965,Embecovirus,Betacoronavirus 1
KX538966,Embecovirus,Betacoronavirus 1
KX538967,Embecovirus,Betacoronavirus 1
KX538968,Embecovirus,Betacoronavirus 1
KX538969,Embecovirus,Betacoronavirus 1
KX538970,Embecovirus,Betacoronavirus 1
KX538971,Embecovirus,Betacoronavirus 1
KX538972,Embecovirus,Betacoronavirus 1
KX538973,Embecovirus,Betacoronavirus 1
KX538974,Embecovirus,Betacoronavirus 1
KX538975,Embecovirus,Betacoronavirus 1
KX538976,Embecovirus,Betacoronavirus 1
KX538977,Embecovirus,Betacoronavirus 1
KX538978,Embecovirus,Betacoronavirus 1
KX538979,Embecovirus,Betacoronavirus 1
KY014281,Embecovirus,Betacoronavirus 1
KY014282,Embecovirus,Betacoronavirus 1
KY369905,Embecovirus,Betacoronavirus 1
KY369906,Embecovirus,Betacoronavirus 1
KY369907,Embecovirus,Betacoronavirus 1
KY554972,Embecovirus,Betacoronavirus 1
KY554973,Embecovirus,Betacoronavirus 1
KY554974,Embecovirus,Betacoronavirus 1
KY554975,Embecovirus,Betacoronavirus 1
KY674917,Embecovirus,Betacoronavirus 1
KY674918,Embecovirus,Betacoronavirus 1
KY674920,Embecovirus,Betacoronavirus 1
KY684759,Embecovirus,Betacoronavirus 1
KY967356,Embecovirus,Betacoronavirus 1
KY967358,Embecovirus,Betacoronavirus 1
KY967359,Embecovirus,Betacoronavirus 1
KY967360,Embecovirus,Betacoronavirus 1
KY967361,Embecovirus,Betacoronavirus 1
KY983583,Embecovirus,Betacoronavirus 1
KY983585,Embecovirus,Betacoronavirus 1
KY983588,Embecovirus,Betacoronavirus 1
MF314143,Embecovirus,Betacoronavirus 1
MF374983,Embecovirus,Betacoronavirus 1
MF374984,Embecovirus,Betacoronavirus 1
MF374985,Embecovirus,Betacoronavirus 1
MG977444,Embecovirus,Betacoronavirus 1
MG977445,Embecovirus,Betacoronavirus 1
MG977447,Embecovirus,Betacoronavirus 1
MG977449,Embecovirus,Betacoronavirus 1
MG977451,Embecovirus,Betacoronavirus 1
MG977452,Embecovirus,Betacoronavirus 1
MH121121,Embecovirus,Betacoronavirus 1
MN026164,Embecovirus,Betacoronavirus 1
MN306036,Embecovirus,Betacoronavirus 1
MN306041,Embecovirus,Betacoronavirus 1
MN306042,Embecovirus,Betacoronavirus 1
MN306043,Embecovirus,Betacoronavirus 1
MN306053,Embecovirus,Betacoronavirus 1
MN310476,Embecovirus,Betacoronavirus 1
MN310478,Embecovirus,Betacoronavirus 1
FJ415324,Embecovirus,Betacoronavirus 1
KX442565,Merbecovirus,unclassified Merbecovirus
KX442564,Merbecovirus,unclassified Merbecovirus
MN120514,Merbecovirus,Middle East respiratory syndrome-related coronavirus
MN120513,Merbecovirus,Middle East respiratory syndrome-related coronavirus
MN365233,Merbecovirus,Middle East respiratory syndrome-related coronavirus
MN365232,Merbecovirus,Middle East respiratory syndrome-related coronavirus
MK129253,Merbecovirus,Middle East respiratory syndrome-related coronavirus
MK462255,Merbecovirus,Middle East respiratory syndrome-related coronavirus
MK462256,Merbecovirus,Middle East respiratory syndrome-related coronavirus
MK462254,Merbecovirus,Middle East respiratory syndrome-related coronavirus
MK462253,Merbecovirus,Middle East respiratory syndrome-related coronavirus
MN723544,Merbecovirus,Middle East respiratory syndrome-related coronavirus
MH822886,Merbecovirus,Middle East respiratory syndrome-related coronavirus
MK483839,Merbecovirus,Middle East respiratory syndrome-related coronavirus
MK462252,Merbecovirus,Middle East respiratory syndrome-related coronavirus
MK462251,Merbecovirus,Middle East respiratory syndrome-related coronavirus
MK462250,Merbecovirus,Middle East respiratory syndrome-related coronavirus
MK462249,Merbecovirus,Middle East respiratory syndrome-related coronavirus
MK462248,Merbecovirus,Middle East respiratory syndrome-related coronavirus
MK462247,Merbecovirus,Middle East respiratory syndrome-related coronavirus
MN655001,Merbecovirus,Middle East respiratory syndrome-related coronavirus
MH734114,Merbecovirus,Middle East respiratory syndrome-related coronavirus
MH734115,Merbecovirus,Middle East respiratory syndrome-related coronavirus
MN654995,Merbecovirus,Middle East respiratory syndrome-related coronavirus
MN655006,Merbecovirus,Middle East respiratory syndrome-related coronavirus
MN654983,Merbecovirus,Middle East respiratory syndrome-related coronavirus
MN654999,Merbecovirus,Middle East respiratory syndrome-related coronavirus
MN655005,Merbecovirus,Middle East respiratory syndrome-related coronavirus
MN655009,Merbecovirus,Middle East respiratory syndrome-related coronavirus
MK564474,Merbecovirus,Middle East respiratory syndrome-related coronavirus
MK564475,Merbecovirus,Middle East respiratory syndrome-related coronavirus
MK462246,Merbecovirus,Middle East respiratory syndrome-related coronavirus
MN723543,Merbecovirus,Middle East respiratory syndrome-related coronavirus
MK462245,Merbecovirus,Middle East respiratory syndrome-related coronavirus
MK462244,Merbecovirus,Middle East respiratory syndrome-related coronavirus
MK462243,Merbecovirus,Middle East respiratory syndrome-related coronavirus
MN723542,Merbecovirus,Middle East respiratory syndrome-related coronavirus
MG912605,Merbecovirus,Middle East respiratory syndrome-related coronavirus
MG912604,Merbecovirus,Middle East respiratory syndrome-related coronavirus
MG912606,Merbecovirus,Middle East respiratory syndrome-related coronavirus
MG912608,Merbecovirus,Middle East respiratory syndrome-related coronavirus
MG912602,Merbecovirus,Middle East respiratory syndrome-related coronavirus
MG912603,Merbecovirus,Middle East respiratory syndrome-related coronavirus
MG912607,Merbecovirus,Middle East respiratory syndrome-related coronavirus
MG912601,Merbecovirus,Middle East respiratory syndrome-related coronavirus
MG912600,Merbecovirus,Middle East respiratory syndrome-related coronavirus
MG912599,Merbecovirus,Middle East respiratory syndrome-related coronavirus
MH310911,Merbecovirus,Middle East respiratory syndrome-related coronavirus
MG912598,Merbecovirus,Middle East respiratory syndrome-related coronavirus
MH310910,Merbecovirus,Middle East respiratory syndrome-related coronavirus
MG366483,Merbecovirus,Middle East respiratory syndrome-related coronavirus
MG912596,Merbecovirus,Middle East respiratory syndrome-related coronavirus
MG912597,Merbecovirus,Middle East respiratory syndrome-related coronavirus
MG912595,Merbecovirus,Middle East respiratory syndrome-related coronavirus
MH310912,Merbecovirus,Middle East respiratory syndrome-related coronavirus
MH310909,Merbecovirus,Middle East respiratory syndrome-related coronavirus
MN654974,Merbecovirus,Middle East respiratory syndrome-related coronavirus
MN654977,Merbecovirus,Middle East respiratory syndrome-related coronavirus
MN654979,Merbecovirus,Middle East respiratory syndrome-related coronavirus
MN654986,Merbecovirus,Middle East respiratory syndrome-related coronavirus
MN654987,Merbecovirus,Middle East respiratory syndrome-related coronavirus
MN654998,Merbecovirus,Middle East respiratory syndrome-related coronavirus
MN655002,Merbecovirus,Middle East respiratory syndrome-related coronavirus
MN655003,Merbecovirus,Middle East respiratory syndrome-related coronavirus
MN655008,Merbecovirus,Middle East respiratory syndrome-related coronavirus
MN655010,Merbecovirus,Middle East respiratory syndrome-related coronavirus
MN655012,Merbecovirus,Middle East respiratory syndrome-related coronavirus
MK357908,Merbecovirus,Middle East respiratory syndrome-related coronavirus
MK357909,Merbecovirus,Middle East respiratory syndrome-related coronavirus
MN654994,Merbecovirus,Middle East respiratory syndrome-related coronavirus
MG923466,Merbecovirus,Middle East respiratory syndrome-related coronavirus
MG923467,Merbecovirus,Middle East respiratory syndrome-related coronavirus
MG923468,Merbecovirus,Middle East respiratory syndrome-related coronavirus
MH432120,Merbecovirus,Middle East respiratory syndrome-related coronavirus
MN655000,Merbecovirus,Middle East respiratory syndrome-related coronavirus
MT226600,Merbecovirus,Middle East respiratory syndrome-related coronavirus
MT226601,Merbecovirus,Middle East respiratory syndrome-related coronavirus
MT226602,Merbecovirus,Middle East respiratory syndrome-related coronavirus
MT226603,Merbecovirus,Middle East respiratory syndrome-related coronavirus
MT226604,Merbecovirus,Middle East respiratory syndrome-related coronavirus
MT226605,Merbecovirus,Middle East respiratory syndrome-related coronavirus
MT226606,Merbecovirus,Middle East respiratory syndrome-related coronavirus
MT226607,Merbecovirus,Middle East respiratory syndrome-related coronavirus
MG011360,Merbecovirus,Middle East respiratory syndrome-related coronavirus
MG011361,Merbecovirus,Middle East respiratory syndrome-related coronavirus
MN654982,Merbecovirus,Middle East respiratory syndrome-related coronavirus
MN654989,Merbecovirus,Middle East respiratory syndrome-related coronavirus
MG011362,Merbecovirus,Middle East respiratory syndrome-related coronavirus
MH454272,Merbecovirus,Middle East respiratory syndrome-related coronavirus
MH395139,Merbecovirus,Middle East respiratory syndrome-related coronavirus
MG011357,Merbecovirus,Middle East respiratory syndrome-related coronavirus
MG011358,Merbecovirus,Middle East respiratory syndrome-related coronavirus
MH306207,Merbecovirus,Middle East respiratory syndrome-related coronavirus
MG011352,Merbecovirus,Middle East respiratory syndrome-related coronavirus
MG011356,Merbecovirus,Middle East respiratory syndrome-related coronavirus
MG011355,Merbecovirus,Middle East respiratory syndrome-related coronavirus
MN654970,Merbecovirus,Middle East respiratory syndrome-related coronavirus
MN654975,Merbecovirus,Middle East respiratory syndrome-related coronavirus
MN654992,Merbecovirus,Middle East respiratory syndrome-related coronavirus
MG011354,Merbecovirus,Middle East respiratory syndrome-related coronavirus
MG011353,Merbecovirus,Middle East respiratory syndrome-related coronavirus
MN654972,Merbecovirus,Middle East respiratory syndrome-related coronavirus
MN654978,Merbecovirus,Middle East respiratory syndrome-related coronavirus
MN655011,Merbecovirus,Middle East respiratory syndrome-related coronavirus
MW086527,Merbecovirus,Middle East respiratory syndrome-related coronavirus
MW086528,Merbecovirus,Middle East respiratory syndrome-related coronavirus
MW086529,Merbecovirus,Middle East respiratory syndrome-related coronavirus
MW086530,Merbecovirus,Middle East respiratory syndrome-related coronavirus
MW086531,Merbecovirus,Middle East respiratory syndrome-related coronavirus
MW086532,Merbecovirus,Middle East respiratory syndrome-related coronavirus
MW086533,Merbecovirus,Middle East respiratory syndrome-related coronavirus
MW086534,Merbecovirus,Middle East respiratory syndrome-related coronavirus
MW086535,Merbecovirus,Middle East respiratory syndrome-related coronavirus
MW086536,Merbecovirus,Middle East respiratory syndrome-related coronavirus
MW086537,Merbecovirus,Middle East respiratory syndrome-related coronavirus
MW086538,Merbecovirus,Middle East respiratory syndrome-related coronavirus
MW086539,Merbecovirus,Middle East respiratory syndrome-related coronavirus
MG011348,Merbecovirus,Middle East respiratory syndrome-related coronavirus
MG757605,Merbecovirus,Middle East respiratory syndrome-related coronavirus
MG011349,Merbecovirus,Middle East respiratory syndrome-related coronavirus
MG011351,Merbecovirus,Middle East respiratory syndrome-related coronavirus
MG011350,Merbecovirus,Middle East respiratory syndrome-related coronavirus
MN654996,Merbecovirus,Middle East respiratory syndrome-related coronavirus
MG011359,Merbecovirus,Middle East respiratory syndrome-related coronavirus
MG011345,Merbecovirus,Middle East respiratory syndrome-related coronavirus
MG011346,Merbecovirus,Middle East respiratory syndrome-related coronavirus
MG011344,Merbecovirus,Middle East respiratory syndrome-related coronavirus
MG011347,Merbecovirus,Middle East respiratory syndrome-related coronavirus
MG011343,Merbecovirus,Middle East respiratory syndrome-related coronavirus
MG011342,Merbecovirus,Middle East respiratory syndrome-related coronavirus
MG011341,Merbecovirus,Middle East respiratory syndrome-related coronavirus
MG011340,Merbecovirus,Middle East respiratory syndrome-related coronavirus
MN654980,Merbecovirus,Middle East respiratory syndrome-related coronavirus
MN655017,Merbecovirus,Middle East respiratory syndrome-related coronavirus
KX154693,Merbecovirus,Middle East respiratory syndrome-related coronavirus
KX154694,Merbecovirus,Middle East respiratory syndrome-related coronavirus
KX154692,Merbecovirus,Middle East respiratory syndrome-related coronavirus
KX154691,Merbecovirus,Middle East respiratory syndrome-related coronavirus
MG923477,Merbecovirus,Middle East respiratory syndrome-related coronavirus
MG923481,Merbecovirus,Middle East respiratory syndrome-related coronavirus
MG923476,Merbecovirus,Middle East respiratory syndrome-related coronavirus
MG923480,Merbecovirus,Middle East respiratory syndrome-related coronavirus
MG923479,Merbecovirus,Middle East respiratory syndrome-related coronavirus
MG923475,Merbecovirus,Middle East respiratory syndrome-related coronavirus
MG923478,Merbecovirus,Middle East respiratory syndrome-related coronavirus
KX154684,Merbecovirus,Middle East respiratory syndrome-related coronavirus
KX154685,Merbecovirus,Middle East respiratory syndrome-related coronavirus
KX154686,Merbecovirus,Middle East respiratory syndrome-related coronavirus
KX154687,Merbecovirus,Middle East respiratory syndrome-related coronavirus
KX154688,Merbecovirus,Middle East respiratory syndrome-related coronavirus
MG757604,Merbecovirus,Middle East respiratory syndrome-related coronavirus
MG923474,Merbecovirus,Middle East respiratory syndrome-related coronavirus
KX154689,Merbecovirus,Middle East respiratory syndrome-related coronavirus
KX154690,Merbecovirus,Middle East respiratory syndrome-related coronavirus
MN654971,Merbecovirus,Middle East respiratory syndrome-related coronavirus
MN654973,Merbecovirus,Middle East respiratory syndrome-related coronavirus
MN654991,Merbecovirus,Middle East respiratory syndrome-related coronavirus
MN655016,Merbecovirus,Middle East respiratory syndrome-related coronavirus
MG520076,Merbecovirus,Middle East respiratory syndrome-related coronavirus
MG546331,Merbecovirus,Middle East respiratory syndrome-related coronavirus
MH013216,Merbecovirus,Middle East respiratory syndrome-related coronavirus
MG520075,Merbecovirus,Middle East respiratory syndrome-related coronavirus
MG546330,Merbecovirus,Middle East respiratory syndrome-related coronavirus
MF000458,Merbecovirus,Middle East respiratory syndrome-related coronavirus
MG757603,Merbecovirus,Middle East respiratory syndrome-related coronavirus
MF000459,Merbecovirus,Middle East respiratory syndrome-related coronavirus
MG757600,Merbecovirus,Middle East respiratory syndrome-related coronavirus
MG757601,Merbecovirus,Middle East respiratory syndrome-related coronavirus
MG757602,Merbecovirus,Middle East respiratory syndrome-related coronavirus
MF000460,Merbecovirus,Middle East respiratory syndrome-related coronavirus
KU851863,Merbecovirus,Middle East respiratory syndrome-related coronavirus
MG757598,Merbecovirus,Middle East respiratory syndrome-related coronavirus
MG757599,Merbecovirus,Middle East respiratory syndrome-related coronavirus
MH029552,Merbecovirus,Middle East respiratory syndrome-related coronavirus
MF000457,Merbecovirus,Middle East respiratory syndrome-related coronavirus
KU851860,Merbecovirus,Middle East respiratory syndrome-related coronavirus
KU851861,Merbecovirus,Middle East respiratory syndrome-related coronavirus
KU851862,Merbecovirus,Middle East respiratory syndrome-related coronavirus
KU851864,Merbecovirus,Middle East respiratory syndrome-related coronavirus
MG757594,Merbecovirus,Middle East respiratory syndrome-related coronavirus
MG757595,Merbecovirus,Middle East respiratory syndrome-related coronavirus
MG757596,Merbecovirus,Middle East respiratory syndrome-related coronavirus
MG757597,Merbecovirus,Middle East respiratory syndrome-related coronavirus
MG757593,Merbecovirus,Middle East respiratory syndrome-related coronavirus
KU851859,Merbecovirus,Middle East respiratory syndrome-related coronavirus
KX034100,Merbecovirus,Middle East respiratory syndrome-related coronavirus
KT374050,Merbecovirus,Middle East respiratory syndrome-related coronavirus
KX034099,Merbecovirus,Middle East respiratory syndrome-related coronavirus
KT374057,Merbecovirus,Middle East respiratory syndrome-related coronavirus
KX034098,Merbecovirus,Middle East respiratory syndrome-related coronavirus
KT374056,Merbecovirus,Middle East respiratory syndrome-related coronavirus
KT374051,Merbecovirus,Middle East respiratory syndrome-related coronavirus
KT374055,Merbecovirus,Middle East respiratory syndrome-related coronavirus
KT225476,Merbecovirus,Middle East respiratory syndrome-related coronavirus
KX034096,Merbecovirus,Middle East respiratory syndrome-related coronavirus
KX034097,Merbecovirus,Middle East respiratory syndrome-related coronavirus
MG366883,Merbecovirus,Middle East respiratory syndrome-related coronavirus
KT374053,Merbecovirus,Middle East respiratory syndrome-related coronavirus
KX034094,Merbecovirus,Middle East respiratory syndrome-related coronavirus
KU308549,Merbecovirus,Middle East respiratory syndrome-related coronavirus
MG366881,Merbecovirus,Middle East respiratory syndrome-related coronavirus
MG366882,Merbecovirus,Middle East respiratory syndrome-related coronavirus
KX034095,Merbecovirus,Middle East respiratory syndrome-related coronavirus
KT374054,Merbecovirus,Middle East respiratory syndrome-related coronavirus
MG366880,Merbecovirus,Middle East respiratory syndrome-related coronavirus
KT374052,Merbecovirus,Middle East respiratory syndrome-related coronavirus
KX108945,Merbecovirus,Middle East respiratory syndrome-related coronavirus
KT006149,Merbecovirus,Middle East respiratory syndrome-related coronavirus
KY688122,Merbecovirus,Middle East respiratory syndrome-related coronavirus
KT326819,Merbecovirus,Middle East respiratory syndrome-related coronavirus
KY688121,Merbecovirus,Middle East respiratory syndrome-related coronavirus
MK280984,Merbecovirus,Middle East respiratory syndrome-related coronavirus
KT029139,Merbecovirus,Middle East respiratory syndrome-related coronavirus
KY688124,Merbecovirus,Middle East respiratory syndrome-related coronavirus
MK796425,Merbecovirus,Middle East respiratory syndrome-related coronavirus
MT387202,Merbecovirus,Middle East respiratory syndrome-related coronavirus
KX108946,Merbecovirus,Middle East respiratory syndrome-related coronavirus
KY688123,Merbecovirus,Middle East respiratory syndrome-related coronavirus
KX108944,Merbecovirus,Middle East respiratory syndrome-related coronavirus
KT806046,Merbecovirus,Middle East respiratory syndrome-related coronavirus
KY688120,Merbecovirus,Middle East respiratory syndrome-related coronavirus
KY688119,Merbecovirus,Middle East respiratory syndrome-related coronavirus
KX108943,Merbecovirus,Middle East respiratory syndrome-related coronavirus
MF593268,Merbecovirus,Middle East respiratory syndrome-related coronavirus
KT368880,Merbecovirus,Middle East respiratory syndrome-related coronavirus
KT368881,Merbecovirus,Middle East respiratory syndrome-related coronavirus
KT368882,Merbecovirus,Middle East respiratory syndrome-related coronavirus
KT368883,Merbecovirus,Middle East respiratory syndrome-related coronavirus
KT368884,Merbecovirus,Middle East respiratory syndrome-related coronavirus
KT368885,Merbecovirus,Middle East respiratory syndrome-related coronavirus
KT368886,Merbecovirus,Middle East respiratory syndrome-related coronavirus
KT368887,Merbecovirus,Middle East respiratory syndrome-related coronavirus
KT368888,Merbecovirus,Middle East respiratory syndrome-related coronavirus
MF598699,Merbecovirus,Middle East respiratory syndrome-related coronavirus
MF598700,Merbecovirus,Middle East respiratory syndrome-related coronavirus
MF598701,Merbecovirus,Middle East respiratory syndrome-related coronavirus
MF598702,Merbecovirus,Middle East respiratory syndrome-related coronavirus
MF598703,Merbecovirus,Middle East respiratory syndrome-related coronavirus
MF598704,Merbecovirus,Middle East respiratory syndrome-related coronavirus
MF598705,Merbecovirus,Middle East respiratory syndrome-related coronavirus
MF598706,Merbecovirus,Middle East respiratory syndrome-related coronavirus
MF598707,Merbecovirus,Middle East respiratory syndrome-related coronavirus
MF598708,Merbecovirus,Middle East respiratory syndrome-related coronavirus
MF598709,Merbecovirus,Middle East respiratory syndrome-related coronavirus
MF598710,Merbecovirus,Middle East respiratory syndrome-related coronavirus
MF598711,Merbecovirus,Middle East respiratory syndrome-related coronavirus
MF598712,Merbecovirus,Middle East respiratory syndrome-related coronavirus
MF598713,Merbecovirus,Middle East respiratory syndrome-related coronavirus
MF598714,Merbecovirus,Middle East respiratory syndrome-related coronavirus
MF598715,Merbecovirus,Middle East respiratory syndrome-related coronavirus
MF598716,Merbecovirus,Middle East respiratory syndrome-related coronavirus
MF598717,Merbecovirus,Middle East respiratory syndrome-related coronavirus
MF598719,Merbecovirus,Middle East respiratory syndrome-related coronavirus
MF598720,Merbecovirus,Middle East respiratory syndrome-related coronavirus
MF598721,Merbecovirus,Middle East respiratory syndrome-related coronavirus
MF598722,Merbecovirus,Middle East respiratory syndrome-related coronavirus
KT806047,Merbecovirus,Middle East respiratory syndrome-related coronavirus
MG923471,Merbecovirus,Middle East respiratory syndrome-related coronavirus
MG923473,Merbecovirus,Middle East respiratory syndrome-related coronavirus
MG923469,Merbecovirus,Middle East respiratory syndrome-related coronavirus
KT026454,Merbecovirus,Middle East respiratory syndrome-related coronavirus
KT026456,Merbecovirus,Middle East respiratory syndrome-related coronavirus
KT368868,Merbecovirus,Middle East respiratory syndrome-related coronavirus
KT368869,Merbecovirus,Middle East respiratory syndrome-related coronavirus
KT368870,Merbecovirus,Middle East respiratory syndrome-related coronavirus
KT368871,Merbecovirus,Middle East respiratory syndrome-related coronavirus
KT368872,Merbecovirus,Middle East respiratory syndrome-related coronavirus
KT368873,Merbecovirus,Middle East respiratory syndrome-related coronavirus
KT368874,Merbecovirus,Middle East respiratory syndrome-related coronavirus
KT368875,Merbecovirus,Middle East respiratory syndrome-related coronavirus
KT368876,Merbecovirus,Middle East respiratory syndrome-related coronavirus
KT368877,Merbecovirus,Middle East respiratory syndrome-related coronavirus
KT368878,Merbecovirus,Middle East respiratory syndrome-related coronavirus
KT368879,Merbecovirus,Middle East respiratory syndrome-related coronavirus
KT368889,Merbecovirus,Middle East respiratory syndrome-related coronavirus
KT368890,Merbecovirus,Middle East respiratory syndrome-related coronavirus
MF598594,Merbecovirus,Middle East respiratory syndrome-related coronavirus
MF598595,Merbecovirus,Middle East respiratory syndrome-related coronavirus
MF598596,Merbecovirus,Middle East respiratory syndrome-related coronavirus
MF598597,Merbecovirus,Middle East respiratory syndrome-related coronavirus
MF598598,Merbecovirus,Middle East respiratory syndrome-related coronavirus
MF598599,Merbecovirus,Middle East respiratory syndrome-related coronavirus
MF598600,Merbecovirus,Middle East respiratory syndrome-related coronavirus
MF598601,Merbecovirus,Middle East respiratory syndrome-related coronavirus
MF598602,Merbecovirus,Middle East respiratory syndrome-related coronavirus
MF598603,Merbecovirus,Middle East respiratory syndrome-related coronavirus
MF598604,Merbecovirus,Middle East respiratory syndrome-related coronavirus
MF598605,Merbecovirus,Middle East respiratory syndrome-related coronavirus
MF598606,Merbecovirus,Middle East respiratory syndrome-related coronavirus
MF598607,Merbecovirus,Middle East respiratory syndrome-related coronavirus
MF598608,Merbecovirus,Middle East respiratory syndrome-related coronavirus
MF598609,Merbecovirus,Middle East respiratory syndrome-related coronavirus
MF598610,Merbecovirus,Middle East respiratory syndrome-related coronavirus
MF598611,Merbecovirus,Middle East respiratory syndrome-related coronavirus
MF598612,Merbecovirus,Middle East respiratory syndrome-related coronavirus
MF598613,Merbecovirus,Middle East respiratory syndrome-related coronavirus
MF598614,Merbecovirus,Middle East respiratory syndrome-related coronavirus
MF598615,Merbecovirus,Middle East respiratory syndrome-related coronavirus
MF598616,Merbecovirus,Middle East respiratory syndrome-related coronavirus
MF598617,Merbecovirus,Middle East respiratory syndrome-related coronavirus
MF598618,Merbecovirus,Middle East respiratory syndrome-related coronavirus
MF598619,Merbecovirus,Middle East respiratory syndrome-related coronavirus
MF598620,Merbecovirus,Middle East respiratory syndrome-related coronavirus
MF598621,Merbecovirus,Middle East respiratory syndrome-related coronavirus
MF598622,Merbecovirus,Middle East respiratory syndrome-related coronavirus
MF598623,Merbecovirus,Middle East respiratory syndrome-related coronavirus
MF598624,Merbecovirus,Middle East respiratory syndrome-related coronavirus
MF598625,Merbecovirus,Middle East respiratory syndrome-related coronavirus
MF598626,Merbecovirus,Middle East respiratory syndrome-related coronavirus
MF598627,Merbecovirus,Middle East respiratory syndrome-related coronavirus
MF598629,Merbecovirus,Middle East respiratory syndrome-related coronavirus
MF598630,Merbecovirus,Middle East respiratory syndrome-related coronavirus
MF598631,Merbecovirus,Middle East respiratory syndrome-related coronavirus
MF598632,Merbecovirus,Middle East respiratory syndrome-related coronavirus
MF598633,Merbecovirus,Middle East respiratory syndrome-related coronavirus
MF598634,Merbecovirus,Middle East respiratory syndrome-related coronavirus
MF598635,Merbecovirus,Middle East respiratory syndrome-related coronavirus
MF598636,Merbecovirus,Middle East respiratory syndrome-related coronavirus
MF598637,Merbecovirus,Middle East respiratory syndrome-related coronavirus
MF598638,Merbecovirus,Middle East respiratory syndrome-related coronavirus
MF598639,Merbecovirus,Middle East respiratory syndrome-related coronavirus
MF598640,Merbecovirus,Middle East respiratory syndrome-related coronavirus
MF598641,Merbecovirus,Middle East respiratory syndrome-related coronavirus
MF598643,Merbecovirus,Middle East respiratory syndrome-related coronavirus
MF598644,Merbecovirus,Middle East respiratory syndrome-related coronavirus
MF598645,Merbecovirus,Middle East respiratory syndrome-related coronavirus
MF598646,Merbecovirus,Middle East respiratory syndrome-related coronavirus
MF598647,Merbecovirus,Middle East respiratory syndrome-related coronavirus
MF598648,Merbecovirus,Middle East respiratory syndrome-related coronavirus
MF598649,Merbecovirus,Middle East respiratory syndrome-related coronavirus
MF598650,Merbecovirus,Middle East respiratory syndrome-related coronavirus
MF598651,Merbecovirus,Middle East respiratory syndrome-related coronavirus
MF598652,Merbecovirus,Middle East respiratory syndrome-related coronavirus
MF598653,Merbecovirus,Middle East respiratory syndrome-related coronavirus
MF598654,Merbecovirus,Middle East respiratory syndrome-related coronavirus
MF598655,Merbecovirus,Middle East respiratory syndrome-related coronavirus
MF598656,Merbecovirus,Middle East respiratory syndrome-related coronavirus
MF598657,Merbecovirus,Middle East respiratory syndrome-related coronavirus
MF598658,Merbecovirus,Middle East respiratory syndrome-related coronavirus
MF598659,Merbecovirus,Middle East respiratory syndrome-related coronavirus
MF598660,Merbecovirus,Middle East respiratory syndrome-related coronavirus
MF598661,Merbecovirus,Middle East respiratory syndrome-related coronavirus
MF598662,Merbecovirus,Middle East respiratory syndrome-related coronavirus
MF598663,Merbecovirus,Middle East respiratory syndrome-related coronavirus
MF598664,Merbecovirus,Middle East respiratory syndrome-related coronavirus
MF598665,Merbecovirus,Middle East respiratory syndrome-related coronavirus
MF598666,Merbecovirus,Middle East respiratory syndrome-related coronavirus
MF598667,Merbecovirus,Middle East respiratory syndrome-related coronavirus
MF598668,Merbecovirus,Middle East respiratory syndrome-related coronavirus
MF598669,Merbecovirus,Middle East respiratory syndrome-related coronavirus
MF598670,Merbecovirus,Middle East respiratory syndrome-related coronavirus
MF598671,Merbecovirus,Middle East respiratory syndrome-related coronavirus
MF598672,Merbecovirus,Middle East respiratory syndrome-related coronavirus
MF598673,Merbecovirus,Middle East respiratory syndrome-related coronavirus
MF598674,Merbecovirus,Middle East respiratory syndrome-related coronavirus
MF598675,Merbecovirus,Middle East respiratory syndrome-related coronavirus
MF598676,Merbecovirus,Middle East respiratory syndrome-related coronavirus
MF598677,Merbecovirus,Middle East respiratory syndrome-related coronavirus
MF598678,Merbecovirus,Middle East respiratory syndrome-related coronavirus
MF598679,Merbecovirus,Middle East respiratory syndrome-related coronavirus
MF598680,Merbecovirus,Middle East respiratory syndrome-related coronavirus
MF598681,Merbecovirus,Middle East respiratory syndrome-related coronavirus
MF598682,Merbecovirus,Middle East respiratory syndrome-related coronavirus
MF598683,Merbecovirus,Middle East respiratory syndrome-related coronavirus
MF598684,Merbecovirus,Middle East respiratory syndrome-related coronavirus
MF598685,Merbecovirus,Middle East respiratory syndrome-related coronavirus
MF598686,Merbecovirus,Middle East respiratory syndrome-related coronavirus
MF598687,Merbecovirus,Middle East respiratory syndrome-related coronavirus
MF598688,Merbecovirus,Middle East respiratory syndrome-related coronavirus
MF598689,Merbecovirus,Middle East respiratory syndrome-related coronavirus
MF598690,Merbecovirus,Middle East respiratory syndrome-related coronavirus
MF598691,Merbecovirus,Middle East respiratory syndrome-related coronavirus
MF598692,Merbecovirus,Middle East respiratory syndrome-related coronavirus
MF598693,Merbecovirus,Middle East respiratory syndrome-related coronavirus
MF598694,Merbecovirus,Middle East respiratory syndrome-related coronavirus
MF598695,Merbecovirus,Middle East respiratory syndrome-related coronavirus
MF598696,Merbecovirus,Middle East respiratory syndrome-related coronavirus
MF598697,Merbecovirus,Middle East respiratory syndrome-related coronavirus
MF598698,Merbecovirus,Middle East respiratory syndrome-related coronavirus
MG923470,Merbecovirus,Middle East respiratory syndrome-related coronavirus
KT806045,Merbecovirus,Middle East respiratory syndrome-related coronavirus
KT806049,Merbecovirus,Middle East respiratory syndrome-related coronavirus
KX108942,Merbecovirus,Middle East respiratory syndrome-related coronavirus
KX108941,Merbecovirus,Middle East respiratory syndrome-related coronavirus
KT806054,Merbecovirus,Middle East respiratory syndrome-related coronavirus
KX108940,Merbecovirus,Middle East respiratory syndrome-related coronavirus
KT026453,Merbecovirus,Middle East respiratory syndrome-related coronavirus
KT026455,Merbecovirus,Middle East respiratory syndrome-related coronavirus
KT806055,Merbecovirus,Middle East respiratory syndrome-related coronavirus
KT806044,Merbecovirus,Middle East respiratory syndrome-related coronavirus
KT806048,Merbecovirus,Middle East respiratory syndrome-related coronavirus
KY688118,Merbecovirus,Middle East respiratory syndrome-related coronavirus
KT806051,Merbecovirus,Middle East respiratory syndrome-related coronavirus
KT806052,Merbecovirus,Middle East respiratory syndrome-related coronavirus
KT806053,Merbecovirus,Middle East respiratory syndrome-related coronavirus
KT368866,Merbecovirus,Middle East respiratory syndrome-related coronavirus
KT368867,Merbecovirus,Middle East respiratory syndrome-related coronavirus
KX108939,Merbecovirus,Middle East respiratory syndrome-related coronavirus
KR011265,Merbecovirus,Middle East respiratory syndrome-related coronavirus
KR011263,Merbecovirus,Middle East respiratory syndrome-related coronavirus
KR011264,Merbecovirus,Middle East respiratory syndrome-related coronavirus
MG923472,Merbecovirus,Middle East respiratory syndrome-related coronavirus
KR011266,Merbecovirus,Middle East respiratory syndrome-related coronavirus
KY673148,Merbecovirus,Middle East respiratory syndrome-related coronavirus
KT368858,Merbecovirus,Middle East respiratory syndrome-related coronavirus
KT368859,Merbecovirus,Middle East respiratory syndrome-related coronavirus
KT368860,Merbecovirus,Middle East respiratory syndrome-related coronavirus
KT368861,Merbecovirus,Middle East respiratory syndrome-related coronavirus
KT368862,Merbecovirus,Middle East respiratory syndrome-related coronavirus
KT368863,Merbecovirus,Middle East respiratory syndrome-related coronavirus
KT368864,Merbecovirus,Middle East respiratory syndrome-related coronavirus
KT368865,Merbecovirus,Middle East respiratory syndrome-related coronavirus
KY673149,Merbecovirus,Middle East respiratory syndrome-related coronavirus
KX108938,Merbecovirus,Middle East respiratory syndrome-related coronavirus
KT368828,Merbecovirus,Middle East respiratory syndrome-related coronavirus
KT368829,Merbecovirus,Middle East respiratory syndrome-related coronavirus
KT368830,Merbecovirus,Middle East respiratory syndrome-related coronavirus
KT368831,Merbecovirus,Middle East respiratory syndrome-related coronavirus
KT368832,Merbecovirus,Middle East respiratory syndrome-related coronavirus
KT368833,Merbecovirus,Middle East respiratory syndrome-related coronavirus
KT368834,Merbecovirus,Middle East respiratory syndrome-related coronavirus
KT368835,Merbecovirus,Middle East respiratory syndrome-related coronavirus
KT368836,Merbecovirus,Middle East respiratory syndrome-related coronavirus
KT368837,Merbecovirus,Middle East respiratory syndrome-related coronavirus
KT368838,Merbecovirus,Middle East respiratory syndrome-related coronavirus
KT368839,Merbecovirus,Middle East respiratory syndrome-related coronavirus
KT368840,Merbecovirus,Middle East respiratory syndrome-related coronavirus
KT368841,Merbecovirus,Middle East respiratory syndrome-related coronavirus
KT368842,Merbecovirus,Middle East respiratory syndrome-related coronavirus
KT368843,Merbecovirus,Middle East respiratory syndrome-related coronavirus
KT368844,Merbecovirus,Middle East respiratory syndrome-related coronavirus
KT368845,Merbecovirus,Middle East respiratory syndrome-related coronavirus
KU710264,Merbecovirus,Middle East respiratory syndrome-related coronavirus
KU710265,Merbecovirus,Middle East respiratory syndrome-related coronavirus
KT368846,Merbecovirus,Middle East respiratory syndrome-related coronavirus
KT368847,Merbecovirus,Middle East respiratory syndrome-related coronavirus
KT368848,Merbecovirus,Middle East respiratory syndrome-related coronavirus
KT368849,Merbecovirus,Middle East respiratory syndrome-related coronavirus
KT368850,Merbecovirus,Middle East respiratory syndrome-related coronavirus
KT368851,Merbecovirus,Middle East respiratory syndrome-related coronavirus
KT368852,Merbecovirus,Middle East respiratory syndrome-related coronavirus
KT368827,Merbecovirus,Middle East respiratory syndrome-related coronavirus
KT368853,Merbecovirus,Middle East respiratory syndrome-related coronavirus
KT368854,Merbecovirus,Middle East respiratory syndrome-related coronavirus
KT368855,Merbecovirus,Middle East respiratory syndrome-related coronavirus
KT368856,Merbecovirus,Middle East respiratory syndrome-related coronavirus
KT368857,Merbecovirus,Middle East respiratory syndrome-related coronavirus
KT877350,Merbecovirus,Middle East respiratory syndrome-related coronavirus
KT877351,Merbecovirus,Middle East respiratory syndrome-related coronavirus
MH259485,Merbecovirus,Middle East respiratory syndrome-related coronavirus
MH259486,Merbecovirus,Middle East respiratory syndrome-related coronavirus
KT368825,Merbecovirus,Middle East respiratory syndrome-related coronavirus
KT368826,Merbecovirus,Middle East respiratory syndrome-related coronavirus
KX108937,Merbecovirus,Middle East respiratory syndrome-related coronavirus
KP223131,Merbecovirus,Middle East respiratory syndrome-related coronavirus
KP719927,Merbecovirus,Middle East respiratory syndrome-related coronavirus
KP719928,Merbecovirus,Middle East respiratory syndrome-related coronavirus
KP719929,Merbecovirus,Middle East respiratory syndrome-related coronavirus
KP719930,Merbecovirus,Middle East respiratory syndrome-related coronavirus
KP719931,Merbecovirus,Middle East respiratory syndrome-related coronavirus
KP719932,Merbecovirus,Middle East respiratory syndrome-related coronavirus
KY581695,Merbecovirus,Middle East respiratory syndrome-related coronavirus
KY581698,Merbecovirus,Middle East respiratory syndrome-related coronavirus
KY581699,Merbecovirus,Middle East respiratory syndrome-related coronavirus
MK039553,Merbecovirus,Middle East respiratory syndrome-related coronavirus
MK052676,Merbecovirus,Middle East respiratory syndrome-related coronavirus
KJ829365,Merbecovirus,Middle East respiratory syndrome-related coronavirus
KT121581,Merbecovirus,Middle East respiratory syndrome-related coronavirus
KT121578,Merbecovirus,Middle East respiratory syndrome-related coronavirus
KT368824,Merbecovirus,Middle East respiratory syndrome-related coronavirus
KJ813439,Merbecovirus,Middle East respiratory syndrome-related coronavirus
KT121579,Merbecovirus,Middle East respiratory syndrome-related coronavirus
KT121580,Merbecovirus,Middle East respiratory syndrome-related coronavirus
KT861628,Merbecovirus,Middle East respiratory syndrome-related coronavirus
MK039552,Merbecovirus,Middle East respiratory syndrome-related coronavirus
KY581693,Merbecovirus,Middle East respiratory syndrome-related coronavirus
KP209309,Merbecovirus,Middle East respiratory syndrome-related coronavirus
KP209311,Merbecovirus,Middle East respiratory syndrome-related coronavirus
KM027261,Merbecovirus,Middle East respiratory syndrome-related coronavirus
KY581692,Merbecovirus,Middle East respiratory syndrome-related coronavirus
KM027259,Merbecovirus,Middle East respiratory syndrome-related coronavirus
KY581691,Merbecovirus,Middle East respiratory syndrome-related coronavirus
KP209313,Merbecovirus,Middle East respiratory syndrome-related coronavirus
KM027258,Merbecovirus,Middle East respiratory syndrome-related coronavirus
KY581690,Merbecovirus,Middle East respiratory syndrome-related coronavirus
KP209307,Merbecovirus,Middle East respiratory syndrome-related coronavirus
KP209308,Merbecovirus,Middle East respiratory syndrome-related coronavirus
KY581686,Merbecovirus,Middle East respiratory syndrome-related coronavirus
KY581688,Merbecovirus,Middle East respiratory syndrome-related coronavirus
KY581689,Merbecovirus,Middle East respiratory syndrome-related coronavirus
KM027257,Merbecovirus,Middle East respiratory syndrome-related coronavirus
KP209306,Merbecovirus,Middle East respiratory syndrome-related coronavirus
KU242423,Merbecovirus,Middle East respiratory syndrome-related coronavirus
KY581696,Merbecovirus,Middle East respiratory syndrome-related coronavirus
KP209310,Merbecovirus,Middle East respiratory syndrome-related coronavirus
KU242424,Merbecovirus,Middle East respiratory syndrome-related coronavirus
KY581697,Merbecovirus,Middle East respiratory syndrome-related coronavirus
KY581700,Merbecovirus,Middle East respiratory syndrome-related coronavirus
KJ650098,Merbecovirus,Middle East respiratory syndrome-related coronavirus
KT861627,Merbecovirus,Middle East respiratory syndrome-related coronavirus
KJ650295,Merbecovirus,Middle East respiratory syndrome-related coronavirus
KJ650296,Merbecovirus,Middle East respiratory syndrome-related coronavirus
KT156561,Merbecovirus,Middle East respiratory syndrome-related coronavirus
KY581687,Merbecovirus,Middle East respiratory syndrome-related coronavirus
KJ650297,Merbecovirus,Middle East respiratory syndrome-related coronavirus
KP209312,Merbecovirus,Middle East respiratory syndrome-related coronavirus
KF917527,Merbecovirus,Middle East respiratory syndrome-related coronavirus
KF958702,Merbecovirus,Middle East respiratory syndrome-related coronavirus
KJ713295,Merbecovirus,Middle East respiratory syndrome-related coronavirus
KJ713296,Merbecovirus,Middle East respiratory syndrome-related coronavirus
KJ713297,Merbecovirus,Middle East respiratory syndrome-related coronavirus
KJ713298,Merbecovirus,Middle East respiratory syndrome-related coronavirus
KJ713299,Merbecovirus,Middle East respiratory syndrome-related coronavirus
KT156560,Merbecovirus,Middle East respiratory syndrome-related coronavirus
KF961222,Merbecovirus,Middle East respiratory syndrome-related coronavirus
KF961221,Merbecovirus,Middle East respiratory syndrome-related coronavirus
KJ156874,Merbecovirus,Middle East respiratory syndrome-related coronavirus
KJ156934,Merbecovirus,Middle East respiratory syndrome-related coronavirus
KJ156910,Merbecovirus,Middle East respiratory syndrome-related coronavirus
KJ156869,Merbecovirus,Middle East respiratory syndrome-related coronavirus
KY581685,Merbecovirus,Middle East respiratory syndrome-related coronavirus
KY581684,Merbecovirus,Middle East respiratory syndrome-related coronavirus
KJ156944,Merbecovirus,Middle East respiratory syndrome-related coronavirus
KJ156881,Merbecovirus,Middle East respiratory syndrome-related coronavirus
KJ156949,Merbecovirus,Middle East respiratory syndrome-related coronavirus
KF600628,Merbecovirus,Middle East respiratory syndrome-related coronavirus
KF600634,Merbecovirus,Middle East respiratory syndrome-related coronavirus
KF600632,Merbecovirus,Middle East respiratory syndrome-related coronavirus
KF600651,Merbecovirus,Middle East respiratory syndrome-related coronavirus
KF600647,Merbecovirus,Middle East respiratory syndrome-related coronavirus
KF600630,Merbecovirus,Middle East respiratory syndrome-related coronavirus
KF600644,Merbecovirus,Middle East respiratory syndrome-related coronavirus
KF600645,Merbecovirus,Middle East respiratory syndrome-related coronavirus
KF186567,Merbecovirus,Middle East respiratory syndrome-related coronavirus
KF600627,Merbecovirus,Middle East respiratory syndrome-related coronavirus
KJ361502,Merbecovirus,Middle East respiratory syndrome-related coronavirus
KJ361503,Merbecovirus,Middle East respiratory syndrome-related coronavirus
KJ156866,Merbecovirus,Middle East respiratory syndrome-related coronavirus
KF186564,Merbecovirus,Middle East respiratory syndrome-related coronavirus
KJ361500,Merbecovirus,Middle East respiratory syndrome-related coronavirus
KF186565,Merbecovirus,Middle East respiratory syndrome-related coronavirus
KF186566,Merbecovirus,Middle East respiratory syndrome-related coronavirus
KJ156952,Merbecovirus,Middle East respiratory syndrome-related coronavirus
KM210277,Merbecovirus,Middle East respiratory syndrome-related coronavirus
KM015348,Merbecovirus,Middle East respiratory syndrome-related coronavirus
KM210278,Merbecovirus,Middle East respiratory syndrome-related coronavirus
KF600613,Merbecovirus,Middle East respiratory syndrome-related coronavirus
KF600652,Merbecovirus,Middle East respiratory syndrome-related coronavirus
KF600612,Merbecovirus,Middle East respiratory syndrome-related coronavirus
KF600620,Merbecovirus,Middle East respiratory syndrome-related coronavirus
MK967708,Merbecovirus,Middle East respiratory syndrome-related coronavirus
MN758606,Merbecovirus,Middle East respiratory syndrome-related coronavirus
MN758607,Merbecovirus,Middle East respiratory syndrome-related coronavirus
MN758608,Merbecovirus,Middle East respiratory syndrome-related coronavirus
MN758609,Merbecovirus,Middle East respiratory syndrome-related coronavirus
MN758610,Merbecovirus,Middle East respiratory syndrome-related coronavirus
MN758611,Merbecovirus,Middle East respiratory syndrome-related coronavirus
MN758612,Merbecovirus,Middle East respiratory syndrome-related coronavirus
MN758613,Merbecovirus,Middle East respiratory syndrome-related coronavirus
MN758614,Merbecovirus,Middle East respiratory syndrome-related coronavirus
KM027255,Merbecovirus,Middle East respiratory syndrome-related coronavirus
KM027256,Merbecovirus,Middle East respiratory syndrome-related coronavirus
KY581694,Merbecovirus,Middle East respiratory syndrome-related coronavirus
KF192507,Merbecovirus,Middle East respiratory syndrome-related coronavirus
KJ477103,Merbecovirus,Middle East respiratory syndrome-related coronavirus
MG596802,Merbecovirus,Middle East respiratory syndrome-related coronavirus
MG596803,Merbecovirus,Middle East respiratory syndrome-related coronavirus
KF268336,Embecovirus,Murine coronavirus
KF268337,Embecovirus,Murine coronavirus
KF268338,Embecovirus,Murine coronavirus
KF268339,Embecovirus,Murine coronavirus
FJ647218,Embecovirus,Murine coronavirus
AB551247,Embecovirus,Murine coronavirus
MF618252,Embecovirus,Murine coronavirus
MT121216,Sarbecovirus,unclassified Sarbecovirus
MT072864,Sarbecovirus,unclassified Sarbecovirus
MT040333,Sarbecovirus,unclassified Sarbecovirus
MT040334,Sarbecovirus,unclassified Sarbecovirus
MT040335,Sarbecovirus,unclassified Sarbecovirus
MT040336,Sarbecovirus,unclassified Sarbecovirus
MN611520,Merbecovirus,unclassified Merbecovirus
KY419103,Embecovirus,Betacoronavirus 1
KY419104,Embecovirus,Betacoronavirus 1
KY419105,Embecovirus,Betacoronavirus 1
KY419106,Embecovirus,Betacoronavirus 1
KY419107,Embecovirus,Betacoronavirus 1
KY419110,Embecovirus,Betacoronavirus 1
KY419111,Embecovirus,Betacoronavirus 1
KY419112,Embecovirus,Betacoronavirus 1
KY994645,Embecovirus,Betacoronavirus 1
MF083115,Embecovirus,Betacoronavirus 1
JN874559,Embecovirus,unclassified Embecovirus
JN874560,Embecovirus,unclassified Embecovirus
JN874561,Embecovirus,unclassified Embecovirus
JN874562,Embecovirus,unclassified Embecovirus
NC_017083,Embecovirus,unclassified Embecovirus
KF569996,Sarbecovirus,Severe acute respiratory syndrome-related coronavirus
KU762338,Nobecovirus,Rousettus bat coronavirus GCCDC1
NC_030886,Nobecovirus,Rousettus bat coronavirus GCCDC1
MT350598,Nobecovirus,Rousettus bat coronavirus GCCDC1
MG762674,Nobecovirus,Rousettus bat coronavirus HKU9
FJ425189,Embecovirus,Betacoronavirus 1
FJ425188,Embecovirus,Betacoronavirus 1
FJ425190,Embecovirus,Betacoronavirus 1
NC_045512,Sarbecovirus,SARS2
EPI_ISL_1191821,Sarbecovirus,SARS2
EPI_ISL_581117,Sarbecovirus,SARS2
EPI_ISL_601443,Sarbecovirus,SARS2
EPI_ISL_792680,Sarbecovirus,SARS2
EPI_ISL_792681,Sarbecovirus,SARS2
EPI_ISL_792682,Sarbecovirus,SARS2
EPI_ISL_792683,Sarbecovirus,SARS2
EPI_ISL_1001389,Sarbecovirus,SARS2
EPI_ISL_1001421,Sarbecovirus,SARS2
EPI_ISL_1001466,Sarbecovirus,SARS2
EPI_ISL_1005684,Sarbecovirus,SARS2
EPI_ISL_1005689,Sarbecovirus,SARS2
EPI_ISL_1005696,Sarbecovirus,SARS2
EPI_ISL_1005699,Sarbecovirus,SARS2
EPI_ISL_1007679,Sarbecovirus,SARS2
EPI_ISL_1009673,Sarbecovirus,SARS2
EPI_ISL_1009674,Sarbecovirus,SARS2
EPI_ISL_1012922,Sarbecovirus,SARS2
EPI_ISL_1013234,Sarbecovirus,SARS2
EPI_ISL_1013375,Sarbecovirus,SARS2
EPI_ISL_1013594,Sarbecovirus,SARS2
EPI_ISL_1014678,Sarbecovirus,SARS2
EPI_ISL_1019660,Sarbecovirus,SARS2
EPI_ISL_1019668,Sarbecovirus,SARS2
EPI_ISL_1019674,Sarbecovirus,SARS2
EPI_ISL_1019681,Sarbecovirus,SARS2
EPI_ISL_1019683,Sarbecovirus,SARS2
EPI_ISL_1019739,Sarbecovirus,SARS2
EPI_ISL_1019775,Sarbecovirus,SARS2
EPI_ISL_1020207,Sarbecovirus,SARS2
EPI_ISL_1029967,Sarbecovirus,SARS2
EPI_ISL_1035957,Sarbecovirus,SARS2
EPI_ISL_1035960,Sarbecovirus,SARS2
EPI_ISL_1036211,Sarbecovirus,SARS2
EPI_ISL_1036217,Sarbecovirus,SARS2
EPI_ISL_1036658,Sarbecovirus,SARS2
EPI_ISL_1039707,Sarbecovirus,SARS2
EPI_ISL_1040028,Sarbecovirus,SARS2
EPI_ISL_1040043,Sarbecovirus,SARS2
EPI_ISL_1040823,Sarbecovirus,SARS2
EPI_ISL_1040827,Sarbecovirus,SARS2
EPI_ISL_1048381,Sarbecovirus,SARS2
EPI_ISL_1060476,Sarbecovirus,SARS2
EPI_ISL_1060480,Sarbecovirus,SARS2
EPI_ISL_1060752,Sarbecovirus,SARS2
EPI_ISL_1060762,Sarbecovirus,SARS2
EPI_ISL_406592,Sarbecovirus,SARS2
EPI_ISL_414496,Sarbecovirus,SARS2
EPI_ISL_418262,Sarbecovirus,SARS2
EPI_ISL_419245,Sarbecovirus,SARS2
EPI_ISL_421652,Sarbecovirus,SARS2
EPI_ISL_430729,Sarbecovirus,SARS2
EPI_ISL_447252,Sarbecovirus,SARS2
EPI_ISL_447284,Sarbecovirus,SARS2
EPI_ISL_447592,Sarbecovirus,SARS2
EPI_ISL_447767,Sarbecovirus,SARS2
EPI_ISL_450343,Sarbecovirus,SARS2
EPI_ISL_450784,Sarbecovirus,SARS2
EPI_ISL_451383,Sarbecovirus,SARS2
EPI_ISL_454521,Sarbecovirus,SARS2
EPI_ISL_454522,Sarbecovirus,SARS2
EPI_ISL_454556,Sarbecovirus,SARS2
EPI_ISL_454558,Sarbecovirus,SARS2
EPI_ISL_454562,Sarbecovirus,SARS2
EPI_ISL_454602,Sarbecovirus,SARS2
EPI_ISL_455419,Sarbecovirus,SARS2
EPI_ISL_459914,Sarbecovirus,SARS2
EPI_ISL_459932,Sarbecovirus,SARS2
EPI_ISL_459938,Sarbecovirus,SARS2
EPI_ISL_475043,Sarbecovirus,SARS2
EPI_ISL_475612,Sarbecovirus,SARS2
EPI_ISL_477155,Sarbecovirus,SARS2
EPI_ISL_482695,Sarbecovirus,SARS2
EPI_ISL_482876,Sarbecovirus,SARS2
EPI_ISL_486397,Sarbecovirus,SARS2
EPI_ISL_498559,Sarbecovirus,SARS2
EPI_ISL_511879,Sarbecovirus,SARS2
EPI_ISL_515466,Sarbecovirus,SARS2
EPI_ISL_515603,Sarbecovirus,SARS2
EPI_ISL_518015,Sarbecovirus,SARS2
EPI_ISL_525474,Sarbecovirus,SARS2
EPI_ISL_525481,Sarbecovirus,SARS2
EPI_ISL_525486,Sarbecovirus,SARS2
EPI_ISL_526238,Sarbecovirus,SARS2
EPI_ISL_539497,Sarbecovirus,SARS2
EPI_ISL_539532,Sarbecovirus,SARS2
EPI_ISL_539567,Sarbecovirus,SARS2
EPI_ISL_560585,Sarbecovirus,SARS2
EPI_ISL_560587,Sarbecovirus,SARS2
EPI_ISL_576268,Sarbecovirus,SARS2
EPI_ISL_582644,Sarbecovirus,SARS2
EPI_ISL_582646,Sarbecovirus,SARS2
EPI_ISL_582674,Sarbecovirus,SARS2
EPI_ISL_593480,Sarbecovirus,SARS2
EPI_ISL_596451,Sarbecovirus,SARS2
EPI_ISL_602777,Sarbecovirus,SARS2
EPI_ISL_602912,Sarbecovirus,SARS2
EPI_ISL_610154,Sarbecovirus,SARS2
EPI_ISL_610162,Sarbecovirus,SARS2
EPI_ISL_614308,Sarbecovirus,SARS2
EPI_ISL_631624,Sarbecovirus,SARS2
EPI_ISL_632310,Sarbecovirus,SARS2
EPI_ISL_635029,Sarbecovirus,SARS2
EPI_ISL_635033,Sarbecovirus,SARS2
EPI_ISL_635046,Sarbecovirus,SARS2
EPI_ISL_653754,Sarbecovirus,SARS2
EPI_ISL_653799,Sarbecovirus,SARS2
EPI_ISL_658878,Sarbecovirus,SARS2
EPI_ISL_658893,Sarbecovirus,SARS2
EPI_ISL_660069,Sarbecovirus,SARS2
EPI_ISL_660253,Sarbecovirus,SARS2
EPI_ISL_660613,Sarbecovirus,SARS2
EPI_ISL_660621,Sarbecovirus,SARS2
EPI_ISL_660644,Sarbecovirus,SARS2
EPI_ISL_671419,Sarbecovirus,SARS2
EPI_ISL_682255,Sarbecovirus,SARS2
EPI_ISL_682257,Sarbecovirus,SARS2
EPI_ISL_682264,Sarbecovirus,SARS2
EPI_ISL_682266,Sarbecovirus,SARS2
EPI_ISL_693303,Sarbecovirus,SARS2
EPI_ISL_693305,Sarbecovirus,SARS2
EPI_ISL_699656,Sarbecovirus,SARS2
EPI_ISL_700037,Sarbecovirus,SARS2
EPI_ISL_700183,Sarbecovirus,SARS2
EPI_ISL_700187,Sarbecovirus,SARS2
EPI_ISL_700252,Sarbecovirus,SARS2
EPI_ISL_707696,Sarbecovirus,SARS2
EPI_ISL_710484,Sarbecovirus,SARS2
EPI_ISL_710541,Sarbecovirus,SARS2
EPI_ISL_717967,Sarbecovirus,SARS2
EPI_ISL_717971,Sarbecovirus,SARS2
EPI_ISL_718232,Sarbecovirus,SARS2
EPI_ISL_732563,Sarbecovirus,SARS2
EPI_ISL_732658,Sarbecovirus,SARS2
EPI_ISL_732673,Sarbecovirus,SARS2
EPI_ISL_732949,Sarbecovirus,SARS2
EPI_ISL_732985,Sarbecovirus,SARS2
EPI_ISL_735328,Sarbecovirus,SARS2
EPI_ISL_737026,Sarbecovirus,SARS2
EPI_ISL_738126,Sarbecovirus,SARS2
EPI_ISL_738144,Sarbecovirus,SARS2
EPI_ISL_745252,Sarbecovirus,SARS2
EPI_ISL_754209,Sarbecovirus,SARS2
EPI_ISL_754238,Sarbecovirus,SARS2
EPI_ISL_754239,Sarbecovirus,SARS2
EPI_ISL_759701,Sarbecovirus,SARS2
EPI_ISL_759892,Sarbecovirus,SARS2
EPI_ISL_775213,Sarbecovirus,SARS2
EPI_ISL_776766,Sarbecovirus,SARS2
EPI_ISL_788958,Sarbecovirus,SARS2
EPI_ISL_791087,Sarbecovirus,SARS2
EPI_ISL_791093,Sarbecovirus,SARS2
EPI_ISL_791096,Sarbecovirus,SARS2
EPI_ISL_794654,Sarbecovirus,SARS2
EPI_ISL_794735,Sarbecovirus,SARS2
EPI_ISL_794754,Sarbecovirus,SARS2
EPI_ISL_794778,Sarbecovirus,SARS2
EPI_ISL_794799,Sarbecovirus,SARS2
EPI_ISL_796040,Sarbecovirus,SARS2
EPI_ISL_802736,Sarbecovirus,SARS2
EPI_ISL_804038,Sarbecovirus,SARS2
EPI_ISL_804044,Sarbecovirus,SARS2
EPI_ISL_811143,Sarbecovirus,SARS2
EPI_ISL_811193,Sarbecovirus,SARS2
EPI_ISL_812738,Sarbecovirus,SARS2
EPI_ISL_812756,Sarbecovirus,SARS2
EPI_ISL_812759,Sarbecovirus,SARS2
EPI_ISL_824555,Sarbecovirus,SARS2
EPI_ISL_824559,Sarbecovirus,SARS2
EPI_ISL_824566,Sarbecovirus,SARS2
EPI_ISL_824568,Sarbecovirus,SARS2
EPI_ISL_824569,Sarbecovirus,SARS2
EPI_ISL_824570,Sarbecovirus,SARS2
EPI_ISL_824574,Sarbecovirus,SARS2
EPI_ISL_824578,Sarbecovirus,SARS2
EPI_ISL_824581,Sarbecovirus,SARS2
EPI_ISL_824584,Sarbecovirus,SARS2
EPI_ISL_824590,Sarbecovirus,SARS2
EPI_ISL_824605,Sarbecovirus,SARS2
EPI_ISL_824607,Sarbecovirus,SARS2
EPI_ISL_824609,Sarbecovirus,SARS2
EPI_ISL_824625,Sarbecovirus,SARS2
EPI_ISL_824626,Sarbecovirus,SARS2
EPI_ISL_824627,Sarbecovirus,SARS2
EPI_ISL_824637,Sarbecovirus,SARS2
EPI_ISL_824644,Sarbecovirus,SARS2
EPI_ISL_824652,Sarbecovirus,SARS2
EPI_ISL_824681,Sarbecovirus,SARS2
EPI_ISL_824687,Sarbecovirus,SARS2
EPI_ISL_824690,Sarbecovirus,SARS2
EPI_ISL_824691,Sarbecovirus,SARS2
EPI_ISL_824725,Sarbecovirus,SARS2
EPI_ISL_824727,Sarbecovirus,SARS2
EPI_ISL_825036,Sarbecovirus,SARS2
EPI_ISL_825046,Sarbecovirus,SARS2
EPI_ISL_825048,Sarbecovirus,SARS2
EPI_ISL_826275,Sarbecovirus,SARS2
EPI_ISL_832010,Sarbecovirus,SARS2
EPI_ISL_832129,Sarbecovirus,SARS2
EPI_ISL_832132,Sarbecovirus,SARS2
EPI_ISL_833040,Sarbecovirus,SARS2
EPI_ISL_833116,Sarbecovirus,SARS2
EPI_ISL_833142,Sarbecovirus,SARS2
EPI_ISL_833162,Sarbecovirus,SARS2
EPI_ISL_833443,Sarbecovirus,SARS2
EPI_ISL_852598,Sarbecovirus,SARS2
EPI_ISL_857056,Sarbecovirus,SARS2
EPI_ISL_860863,Sarbecovirus,SARS2
EPI_ISL_860890,Sarbecovirus,SARS2
EPI_ISL_860894,Sarbecovirus,SARS2
EPI_ISL_860902,Sarbecovirus,SARS2
EPI_ISL_860909,Sarbecovirus,SARS2
EPI_ISL_861712,Sarbecovirus,SARS2
EPI_ISL_861713,Sarbecovirus,SARS2
EPI_ISL_862039,Sarbecovirus,SARS2
EPI_ISL_862040,Sarbecovirus,SARS2
EPI_ISL_862075,Sarbecovirus,SARS2
EPI_ISL_862080,Sarbecovirus,SARS2
EPI_ISL_862544,Sarbecovirus,SARS2
EPI_ISL_862568,Sarbecovirus,SARS2
EPI_ISL_862573,Sarbecovirus,SARS2
EPI_ISL_862832,Sarbecovirus,SARS2
EPI_ISL_869261,Sarbecovirus,SARS2
EPI_ISL_869263,Sarbecovirus,SARS2
EPI_ISL_869264,Sarbecovirus,SARS2
EPI_ISL_872012,Sarbecovirus,SARS2
EPI_ISL_872188,Sarbecovirus,SARS2
EPI_ISL_872189,Sarbecovirus,SARS2
EPI_ISL_872200,Sarbecovirus,SARS2
EPI_ISL_872226,Sarbecovirus,SARS2
EPI_ISL_872279,Sarbecovirus,SARS2
EPI_ISL_872284,Sarbecovirus,SARS2
EPI_ISL_872569,Sarbecovirus,SARS2
EPI_ISL_872570,Sarbecovirus,SARS2
EPI_ISL_872898,Sarbecovirus,SARS2
EPI_ISL_872936,Sarbecovirus,SARS2
EPI_ISL_872943,Sarbecovirus,SARS2
EPI_ISL_876738,Sarbecovirus,SARS2
EPI_ISL_877232,Sarbecovirus,SARS2
EPI_ISL_877420,Sarbecovirus,SARS2
EPI_ISL_883336,Sarbecovirus,SARS2
EPI_ISL_883350,Sarbecovirus,SARS2
EPI_ISL_883966,Sarbecovirus,SARS2
EPI_ISL_885143,Sarbecovirus,SARS2
EPI_ISL_888593,Sarbecovirus,SARS2
EPI_ISL_888827,Sarbecovirus,SARS2
EPI_ISL_888998,Sarbecovirus,SARS2
EPI_ISL_891151,Sarbecovirus,SARS2
EPI_ISL_900708,Sarbecovirus,SARS2
EPI_ISL_902737,Sarbecovirus,SARS2
EPI_ISL_903388,Sarbecovirus,SARS2
EPI_ISL_903389,Sarbecovirus,SARS2
EPI_ISL_906059,Sarbecovirus,SARS2
EPI_ISL_909963,Sarbecovirus,SARS2
EPI_ISL_910016,Sarbecovirus,SARS2
EPI_ISL_910336,Sarbecovirus,SARS2
EPI_ISL_910338,Sarbecovirus,SARS2
EPI_ISL_910339,Sarbecovirus,SARS2
EPI_ISL_911386,Sarbecovirus,SARS2
EPI_ISL_912402,Sarbecovirus,SARS2
EPI_ISL_912758,Sarbecovirus,SARS2
EPI_ISL_912802,Sarbecovirus,SARS2
EPI_ISL_912948,Sarbecovirus,SARS2
EPI_ISL_912972,Sarbecovirus,SARS2
EPI_ISL_912985,Sarbecovirus,SARS2
EPI_ISL_913041,Sarbecovirus,SARS2
EPI_ISL_913057,Sarbecovirus,SARS2
EPI_ISL_918361,Sarbecovirus,SARS2
EPI_ISL_925173,Sarbecovirus,SARS2
EPI_ISL_934998,Sarbecovirus,SARS2
EPI_ISL_937196,Sarbecovirus,SARS2
EPI_ISL_940629,Sarbecovirus,SARS2
EPI_ISL_941995,Sarbecovirus,SARS2
EPI_ISL_943985,Sarbecovirus,SARS2
EPI_ISL_944753,Sarbecovirus,SARS2
EPI_ISL_947268,Sarbecovirus,SARS2
EPI_ISL_947298,Sarbecovirus,SARS2
EPI_ISL_947324,Sarbecovirus,SARS2
EPI_ISL_954054,Sarbecovirus,SARS2
EPI_ISL_954780,Sarbecovirus,SARS2
EPI_ISL_954805,Sarbecovirus,SARS2
EPI_ISL_955080,Sarbecovirus,SARS2
EPI_ISL_955169,Sarbecovirus,SARS2
EPI_ISL_955185,Sarbecovirus,SARS2
EPI_ISL_955210,Sarbecovirus,SARS2
EPI_ISL_956285,Sarbecovirus,SARS2
EPI_ISL_961780,Sarbecovirus,SARS2
EPI_ISL_962207,Sarbecovirus,SARS2
EPI_ISL_965933,Sarbecovirus,SARS2
EPI_ISL_969397,Sarbecovirus,SARS2
EPI_ISL_977476,Sarbecovirus,SARS2
EPI_ISL_977487,Sarbecovirus,SARS2
EPI_ISL_978867,Sarbecovirus,SARS2
EPI_ISL_978884,Sarbecovirus,SARS2
EPI_ISL_978946,Sarbecovirus,SARS2
EPI_ISL_979971,Sarbecovirus,SARS2
EPI_ISL_985126,Sarbecovirus,SARS2
EPI_ISL_985128,Sarbecovirus,SARS2
EPI_ISL_985398,Sarbecovirus,SARS2
EPI_ISL_995366,Sarbecovirus,SARS2
MT226610,Sarbecovirus,SARS2
MT339040,Sarbecovirus,SARS2
MT419836,Sarbecovirus,SARS2
MT419847,Sarbecovirus,SARS2
MT419853,Sarbecovirus,SARS2
MT511084,Sarbecovirus,SARS2
MT517443,Sarbecovirus,SARS2
MT520269,Sarbecovirus,SARS2
MT520362,Sarbecovirus,SARS2
MT581434,Sarbecovirus,SARS2
MT581435,Sarbecovirus,SARS2
MT581436,Sarbecovirus,SARS2
MT611968,Sarbecovirus,SARS2
MT658508,Sarbecovirus,SARS2
MT678839,Sarbecovirus,SARS2
MT745764,Sarbecovirus,SARS2
MT873205,Sarbecovirus,SARS2
MT873300,Sarbecovirus,SARS2
MT873316,Sarbecovirus,SARS2
MT873494,Sarbecovirus,SARS2
MT889692,Sarbecovirus,SARS2
MT890235,Sarbecovirus,SARS2
MT890238,Sarbecovirus,SARS2
MT994632,Sarbecovirus,SARS2
MT994849,Sarbecovirus,SARS2
MW070086,Sarbecovirus,SARS2
MW093490,Sarbecovirus,SARS2
MW181705,Sarbecovirus,SARS2
MW228252,Sarbecovirus,SARS2
MW240759,Sarbecovirus,SARS2
MW251511,Sarbecovirus,SARS2
MW279456,Sarbecovirus,SARS2
MW280170,Sarbecovirus,SARS2
MW280185,Sarbecovirus,SARS2
MW281864,Sarbecovirus,SARS2
MW332241,Sarbecovirus,SARS2
MW333012,Sarbecovirus,SARS2
MW419997,Sarbecovirus,SARS2
MW420874,Sarbecovirus,SARS2
MW420916,Sarbecovirus,SARS2
MW446829,Sarbecovirus,SARS2
MW446870,Sarbecovirus,SARS2
MW447632,Sarbecovirus,SARS2
MW454483,Sarbecovirus,SARS2
MW460883,Sarbecovirus,SARS2
MW467443,Sarbecovirus,SARS2
MW467450,Sarbecovirus,SARS2
MW467451,Sarbecovirus,SARS2
MW467456,Sarbecovirus,SARS2
MW467459,Sarbecovirus,SARS2
MW467467,Sarbecovirus,SARS2
MW467492,Sarbecovirus,SARS2
MW467497,Sarbecovirus,SARS2
MW467501,Sarbecovirus,SARS2
MW473685,Sarbecovirus,SARS2
MW482936,Sarbecovirus,SARS2
MW482946,Sarbecovirus,SARS2
MW483108,Sarbecovirus,SARS2
MW484845,Sarbecovirus,SARS2
MW485259,Sarbecovirus,SARS2
MW485330,Sarbecovirus,SARS2
MW485410,Sarbecovirus,SARS2
MW486254,Sarbecovirus,SARS2
MW486263,Sarbecovirus,SARS2
MW486275,Sarbecovirus,SARS2
MW486291,Sarbecovirus,SARS2
MW486315,Sarbecovirus,SARS2
MW486382,Sarbecovirus,SARS2
MW493846,Sarbecovirus,SARS2
MW494125,Sarbecovirus,SARS2
MW494366,Sarbecovirus,SARS2
MW494374,Sarbecovirus,SARS2
MW494387,Sarbecovirus,SARS2
MW495032,Sarbecovirus,SARS2
MW495046,Sarbecovirus,SARS2
MW495057,Sarbecovirus,SARS2
MW495265,Sarbecovirus,SARS2
MW495821,Sarbecovirus,SARS2
MW496899,Sarbecovirus,SARS2
MW497103,Sarbecovirus,SARS2
MW498391,Sarbecovirus,SARS2
MW504603,Sarbecovirus,SARS2
MW504605,Sarbecovirus,SARS2
MW504610,Sarbecovirus,SARS2
MW504615,Sarbecovirus,SARS2
MW504619,Sarbecovirus,SARS2
MW504761,Sarbecovirus,SARS2
MW504762,Sarbecovirus,SARS2
MW504771,Sarbecovirus,SARS2
MW504775,Sarbecovirus,SARS2
MW504780,Sarbecovirus,SARS2
MW509797,Sarbecovirus,SARS2
MW509800,Sarbecovirus,SARS2
MW509801,Sarbecovirus,SARS2
MW509804,Sarbecovirus,SARS2
MW509806,Sarbecovirus,SARS2
MW518131,Sarbecovirus,SARS2
MW518151,Sarbecovirus,SARS2
MW518182,Sarbecovirus,SARS2
MW518840,Sarbecovirus,SARS2
MW518857,Sarbecovirus,SARS2
MW519671,Sarbecovirus,SARS2
MW519752,Sarbecovirus,SARS2
MW519805,Sarbecovirus,SARS2
MW519828,Sarbecovirus,SARS2
MW519844,Sarbecovirus,SARS2
MW523798,Sarbecovirus,SARS2
MW523835,Sarbecovirus,SARS2
MW523844,Sarbecovirus,SARS2
MW524012,Sarbecovirus,SARS2
MW524032,Sarbecovirus,SARS2
MW524958,Sarbecovirus,SARS2
MW524973,Sarbecovirus,SARS2
MW524981,Sarbecovirus,SARS2
MW525062,Sarbecovirus,SARS2
MW525101,Sarbecovirus,SARS2
MW525108,Sarbecovirus,SARS2
MW533280,Sarbecovirus,SARS2
MW533283,Sarbecovirus,SARS2
MW540274,Sarbecovirus,SARS2
MW547412,Sarbecovirus,SARS2
MW547504,Sarbecovirus,SARS2
MW547509,Sarbecovirus,SARS2
MW548225,Sarbecovirus,SARS2
MW548228,Sarbecovirus,SARS2
MW548229,Sarbecovirus,SARS2
MW548233,Sarbecovirus,SARS2
MW548242,Sarbecovirus,SARS2
MW548289,Sarbecovirus,SARS2
MW548292,Sarbecovirus,SARS2
MW549724,Sarbecovirus,SARS2
MW549740,Sarbecovirus,SARS2
MW549810,Sarbecovirus,SARS2
MW549862,Sarbecovirus,SARS2
MW550329,Sarbecovirus,SARS2
MW550391,Sarbecovirus,SARS2
MW550398,Sarbecovirus,SARS2
MW550428,Sarbecovirus,SARS2
MW550438,Sarbecovirus,SARS2
MW550446,Sarbecovirus,SARS2
MW550462,Sarbecovirus,SARS2
MW550464,Sarbecovirus,SARS2
MW550516,Sarbecovirus,SARS2
MW550524,Sarbecovirus,SARS2
MW550538,Sarbecovirus,SARS2
MW550570,Sarbecovirus,SARS2
MW550589,Sarbecovirus,SARS2
MW550618,Sarbecovirus,SARS2
MW550633,Sarbecovirus,SARS2
MW550642,Sarbecovirus,SARS2
MW550646,Sarbecovirus,SARS2
MW550652,Sarbecovirus,SARS2
MW550654,Sarbecovirus,SARS2
MW550655,Sarbecovirus,SARS2
MW550710,Sarbecovirus,SARS2
MW550715,Sarbecovirus,SARS2
MW550725,Sarbecovirus,SARS2
MW556182,Sarbecovirus,SARS2
MW559038,Sarbecovirus,SARS2
MW559041,Sarbecovirus,SARS2
MW562252,Sarbecovirus,SARS2
MW565846,Sarbecovirus,SARS2
MW565866,Sarbecovirus,SARS2
MW565868,Sarbecovirus,SARS2
MW577048,Sarbecovirus,SARS2
MW577050,Sarbecovirus,SARS2
MW577871,Sarbecovirus,SARS2
MW578244,Sarbecovirus,SARS2
MW580579,Sarbecovirus,SARS2
MW583143,Sarbecovirus,SARS2
MW583176,Sarbecovirus,SARS2
MW583177,Sarbecovirus,SARS2
MW583224,Sarbecovirus,SARS2
MW583288,Sarbecovirus,SARS2
MW583337,Sarbecovirus,SARS2
MW583343,Sarbecovirus,SARS2
MW583344,Sarbecovirus,SARS2
MW583365,Sarbecovirus,SARS2
MW583372,Sarbecovirus,SARS2
MW585814,Sarbecovirus,SARS2
MW585824,Sarbecovirus,SARS2
MW585830,Sarbecovirus,SARS2
MW585833,Sarbecovirus,SARS2
MW585852,Sarbecovirus,SARS2
MW585936,Sarbecovirus,SARS2
MW585952,Sarbecovirus,SARS2
MW585963,Sarbecovirus,SARS2
MW586014,Sarbecovirus,SARS2
MW586137,Sarbecovirus,SARS2
MW586144,Sarbecovirus,SARS2
MW586149,Sarbecovirus,SARS2
MW586150,Sarbecovirus,SARS2
MW586245,Sarbecovirus,SARS2
MW586274,Sarbecovirus,SARS2
MW586279,Sarbecovirus,SARS2
MW586314,Sarbecovirus,SARS2
MW586347,Sarbecovirus,SARS2
MW586444,Sarbecovirus,SARS2
MW586464,Sarbecovirus,SARS2
MW586520,Sarbecovirus,SARS2
MW592627,Sarbecovirus,SARS2
MW592628,Sarbecovirus,SARS2
MW592660,Sarbecovirus,SARS2
MW596009,Sarbecovirus,SARS2
MW596013,Sarbecovirus,SARS2
MW596029,Sarbecovirus,SARS2
MW596041,Sarbecovirus,SARS2
MW596068,Sarbecovirus,SARS2
MW596070,Sarbecovirus,SARS2
MW596118,Sarbecovirus,SARS2
MW596120,Sarbecovirus,SARS2
MW596138,Sarbecovirus,SARS2
MW596147,Sarbecovirus,SARS2
MW596167,Sarbecovirus,SARS2
MW596179,Sarbecovirus,SARS2
MW596187,Sarbecovirus,SARS2
MW596194,Sarbecovirus,SARS2
MW599343,Sarbecovirus,SARS2
MW599435,Sarbecovirus,SARS2
MW599442,Sarbecovirus,SARS2
MW617544,Sarbecovirus,SARS2
MW617594,Sarbecovirus,SARS2
MW617623,Sarbecovirus,SARS2
MW621463,Sarbecovirus,SARS2
MW626333,Sarbecovirus,SARS2
MW631740,Sarbecovirus,SARS2
MW631741,Sarbecovirus,SARS2
MW631742,Sarbecovirus,SARS2
MW631762,Sarbecovirus,SARS2
MW631773,Sarbecovirus,SARS2
MW631794,Sarbecovirus,SARS2
MW631798,Sarbecovirus,SARS2
MW631872,Sarbecovirus,SARS2
MW631889,Sarbecovirus,SARS2
MW631894,Sarbecovirus,SARS2
MW631905,Sarbecovirus,SARS2
MW631915,Sarbecovirus,SARS2
MW631921,Sarbecovirus,SARS2
MW632212,Sarbecovirus,SARS2
MW633517,Sarbecovirus,SARS2
MW633893,Sarbecovirus,SARS2
MW633906,Sarbecovirus,SARS2
MW634214,Sarbecovirus,SARS2
MW634915,Sarbecovirus,SARS2
MW636450,Sarbecovirus,SARS2
MW636760,Sarbecovirus,SARS2
MW636961,Sarbecovirus,SARS2
MW637098,Sarbecovirus,SARS2
MW638915,Sarbecovirus,SARS2
MW639025,Sarbecovirus,SARS2
MW640170,Sarbecovirus,SARS2
MW640453,Sarbecovirus,SARS2
MW640646,Sarbecovirus,SARS2
MW642617,Sarbecovirus,SARS2
MW643497,Sarbecovirus,SARS2
MW643565,Sarbecovirus,SARS2
MW644370,Sarbecovirus,SARS2
MW645476,Sarbecovirus,SARS2
MW653826,Sarbecovirus,SARS2
GU553365,Sarbecovirus,Severe acute respiratory syndrome-related coronavirus
GU553363,Sarbecovirus,Severe acute respiratory syndrome-related coronavirus
GU553364,Sarbecovirus,Severe acute respiratory syndrome-related coronavirus
JF292911,Sarbecovirus,Severe acute respiratory syndrome-related coronavirus
JF292912,Sarbecovirus,Severe acute respiratory syndrome-related coronavirus
JF292913,Sarbecovirus,Severe acute respiratory syndrome-related coronavirus
JF292914,Sarbecovirus,Severe acute respiratory syndrome-related coronavirus
JF292915,Sarbecovirus,Severe acute respiratory syndrome-related coronavirus
HQ890541,Sarbecovirus,Severe acute respiratory syndrome-related coronavirus
JF292916,Sarbecovirus,Severe acute respiratory syndrome-related coronavirus
JF292917,Sarbecovirus,Severe acute respiratory syndrome-related coronavirus
JF292918,Sarbecovirus,Severe acute respiratory syndrome-related coronavirus
JF292919,Sarbecovirus,Severe acute respiratory syndrome-related coronavirus
JF292920,Sarbecovirus,Severe acute respiratory syndrome-related coronavirus
HQ890542,Sarbecovirus,Severe acute respiratory syndrome-related coronavirus
HQ890543,Sarbecovirus,Severe acute respiratory syndrome-related coronavirus
HQ890544,Sarbecovirus,Severe acute respiratory syndrome-related coronavirus
HQ890545,Sarbecovirus,Severe acute respiratory syndrome-related coronavirus
HQ890546,Sarbecovirus,Severe acute respiratory syndrome-related coronavirus
JF292907,Sarbecovirus,Severe acute respiratory syndrome-related coronavirus
JF292908,Sarbecovirus,Severe acute respiratory syndrome-related coronavirus
JF292909,Sarbecovirus,Severe acute respiratory syndrome-related coronavirus
JF292910,Sarbecovirus,Severe acute respiratory syndrome-related coronavirus
HQ890531,Sarbecovirus,Severe acute respiratory syndrome-related coronavirus
HQ890532,Sarbecovirus,Severe acute respiratory syndrome-related coronavirus
HQ890533,Sarbecovirus,Severe acute respiratory syndrome-related coronavirus
JF292902,Sarbecovirus,Severe acute respiratory syndrome-related coronavirus
JF292903,Sarbecovirus,Severe acute respiratory syndrome-related coronavirus
HQ890526,Sarbecovirus,Severe acute respiratory syndrome-related coronavirus
HQ890527,Sarbecovirus,Severe acute respiratory syndrome-related coronavirus
HQ890528,Sarbecovirus,Severe acute respiratory syndrome-related coronavirus
HQ890529,Sarbecovirus,Severe acute respiratory syndrome-related coronavirus
HQ890530,Sarbecovirus,Severe acute respiratory syndrome-related coronavirus
HQ890539,Sarbecovirus,Severe acute respiratory syndrome-related coronavirus
HQ890540,Sarbecovirus,Severe acute respiratory syndrome-related coronavirus
JF292904,Sarbecovirus,Severe acute respiratory syndrome-related coronavirus
JF292905,Sarbecovirus,Severe acute respiratory syndrome-related coronavirus
JF292906,Sarbecovirus,Severe acute respiratory syndrome-related coronavirus
HQ890534,Sarbecovirus,Severe acute respiratory syndrome-related coronavirus
HQ890535,Sarbecovirus,Severe acute respiratory syndrome-related coronavirus
HQ890536,Sarbecovirus,Severe acute respiratory syndrome-related coronavirus
HQ890537,Sarbecovirus,Severe acute respiratory syndrome-related coronavirus
HQ890538,Sarbecovirus,Severe acute respiratory syndrome-related coronavirus
FJ882963,Sarbecovirus,Severe acute respiratory syndrome-related coronavirus
FJ588686,Sarbecovirus,Severe acute respiratory syndrome-related coronavirus
MK062182,Sarbecovirus,Severe acute respiratory syndrome-related coronavirus
MK062181,Sarbecovirus,Severe acute respiratory syndrome-related coronavirus
MK062180,Sarbecovirus,Severe acute respiratory syndrome-related coronavirus
MK062179,Sarbecovirus,Severe acute respiratory syndrome-related coronavirus
KT444582,Sarbecovirus,unclassified Sarbecovirus
KY352407,Sarbecovirus,Severe acute respiratory syndrome-related coronavirus
LC556375,Sarbecovirus,Severe acute respiratory syndrome-related coronavirus
MW218395,Merbecovirus,Tylonycteris bat coronavirus HKU4
MN611519,Merbecovirus,unclassified Merbecovirus
MG518518,Embecovirus,Betacoronavirus 1
FJ425186,Embecovirus,Betacoronavirus 1
FJ425185,Embecovirus,Betacoronavirus 1
FJ425184,Embecovirus,Betacoronavirus 1
FJ425187,Embecovirus,Betacoronavirus 1
MH810163,Embecovirus,Betacoronavirus 1